,Pais,Estado,Sexo,Estado Civil,Num Hijos,Religión,Fecha Pre-registro,Nacionalidad,Licenciatura: Institución,Licenciatura: Programa,Licenciatura: Promedio,Licenciatura: Tipo Titulación,Licenciatura: Fecha Titulación,aspirantePosgradoId,Edad,Aceptado
0,MÉXICO,SONORA,MUJER,CASADO(A),0,NINGUNA RELIGIÓN,2020-05-03 00:00:00,VERDADERO,UNIVERSIDAD ESTATAL DE SONORA,LIC. EN ADMINISTRACION DE EMPRESAS TURÍSTICAS,97,EXAMEN NACIONAL DE CALIDAD (CENEVAL),13/07/2012,186566,33,VERDADERO
1,MÉXICO,SONORA,MUJER,CASADO(A),0,NINGUNA RELIGIÓN,2020-05-03 00:00:00,VERDADERO,UNIVERSIDAD DE SONORA,LIC. EN FÍSICA,93,POR PROMEDIO,01/07/2020,186566,33,VERDADERO
2,MÉXICO,CHIHUAHUA,HOMBRE,DIVORCIADO(A),1,NINGUNA RELIGIÓN,2020-03-14 00:00:00,FALSO,INSTITUTO TECNOLÓGICO DE CHIHUAHUA,INGENIERÍA ELECTRÓNICA,91,POR PROMEDIO,10/12/1993,186616,53,FALSO
3,MÉXICO,SONORA,HOMBRE,CASADO(A),1,CATÓLICA,2020-03-19 00:00:00,VERDADERO,UNIVERSIDAD DE SONORA,INGENIERÍA INDUSTRIAL Y DE SISTEMAS ,"80,7",EXAMEN NACIONAL DE CALIDAD (CENEVAL),,186645,38,VERDADERO
4,MÉXICO,SONORA,HOMBRE,SOLTERO(A),0,PENTECOSTALES/EVANGÉLICAS/CRISTIANAS,2020-03-20 00:00:00,VERDADERO,UNIVERSIDAD DEL VALLE DE MÉXICO,LICENCIATURA EN ADMINISTRACIÓN DE EMPRESAS,"90,3",EXAMEN NACIONAL DE CALIDAD (CENEVAL),16/02/2018,184078,32,VERDADERO
5,MÉXICO,SONORA,MUJER,SOLTERO(A),0,OTROS MOVIMIENTOS RELIGIOSOS,2020-06-04 00:00:00,VERDADERO,INSTITUTO TECNOLOGICO DE NOGALES,INGENIERIA EN SISTEMAS COMPUTACIONALES,"97,8",TRABAJO TERMINAL,28/02/2020,186782,26,VERDADERO
6,MÉXICO,BAJA CALIFORNIA,HOMBRE,SOLTERO(A),0,NINGUNA RELIGIÓN,2020-04-13 00:00:00,FALSO,UNIVERSIDAD DE SONORA,INGENIERÍA INDUSTRIAL Y DE SISTEMAS,"78,79",TESIS PROFESIONAL,01/05/2019,184153,27,FALSO
7,MÉXICO,SONORA,HOMBRE,SOLTERO(A),0,CATÓLICA,2020-06-05 00:00:00,FALSO,INSTITUTO TECNOLOGICO Y DE ESTUDIOS SUPERIORES DE MONTERREY,LICENCIATURA EN CONTADURIA PUBLICA Y FINANZAS,83,NINGUNO,27/05/2011,186983,35,FALSO
8,MÉXICO,SONORA,HOMBRE,CASADO(A),1,NINGUNA RELIGIÓN,2020-07-05 00:00:00,VERDADERO,UNIVERSIDAD DE SONORA,INGENIERÍA EN SISTEMAS DE INFORMACIÓN,93,EXAMEN NACIONAL DE CALIDAD (CENEVAL),18/12/2017,186986,32,VERDADERO
9,MÉXICO,SONORA,MUJER,SOLTERO(A),0,NO DESEO DECLARARLA,2020-07-05 00:00:00,FALSO,UNIVERSIDAD DE SONORA,LICENCIATURA EN MERCADOTECNIA,"90,64",POR PROMEDIO,20/11/2010,186992,34,FALSO
10,MÉXICO,SONORA,HOMBRE,SOLTERO(A),0,CATÓLICA,2020-10-06 00:00:00,VERDADERO,INSTITUTO TECNOLÓGICO DE ESTUDIOS SUPERIORES DE MONTERREY,INGENIERÍA EN TECNOLOGÍAS DE LA INFORMACIÓN Y COMUNICACIONES,92,POR PROMEDIO,01/12/2011,187001,34,VERDADERO
11,MÉXICO,SONORA,HOMBRE,CASADO(A),1,NO DESEO DECLARARLA,2020-11-05 00:00:00,FALSO,UNIVERSIDAD DE SONORA,FÍSICA,88,TESIS PROFESIONAL,18/05/2015,187009,35,FALSO
12,MÉXICO,SONORA,HOMBRE,CASADO(A),0,NINGUNA RELIGIÓN,2020-11-05 00:00:00,VERDADERO,UNIVERSIDAD DE SONORA,INGENIERIA INDUSTRIAL Y DE SISTEMAS,75,EXAMEN NACIONAL DE CALIDAD (CENEVAL),17/05/2005,187011,41,VERDADERO
13,MÉXICO,SONORA,HOMBRE,SOLTERO(A),0,NO DESEO DECLARARLA,2020-12-05 00:00:00,FALSO,UNIVERSIDAD DE SONORA,LICENCIADO EN FINANZAS,93,POR PROMEDIO,01/06/2008,187015,38,FALSO
14,MÉXICO,SONORA,HOMBRE,CASADO(A),2,CATÓLICA,,FALSO,UNIVERSIDAD KINO,ING. EN SISTEMAS COMPUTACIONALES,87,POR DIPLOMADO,13/07/2015,187110,42,FALSO
15,MÉXICO,SONORA,HOMBRE,SOLTERO(A),0,NO DESEO DECLARARLA,2020-05-27 00:00:00,FALSO,UNIVERSIDAD DE SONORA,CIENCIAS DE LA COMPUTACION,82,EXAMEN NACIONAL DE CALIDAD (CENEVAL),,187108,37,FALSO
16,MÉXICO,CIUDAD DE MÉXICO,HOMBRE,CASADO(A),3,NO DESEO DECLARARLA,2020-05-29 00:00:00,VERDADERO,INSTITUTO TECNOLOGICO DE HERMOSILLO,LICENCIATURA EN INFORMATICA,"89,4",TRABAJO PROFESIONAL,,187152,51,VERDADERO
17,MÉXICO,SONORA,HOMBRE,SOLTERO(A),0,NO DESEO DECLARARLA,2020-05-30 00:00:00,FALSO,UNIVERSIDAD DEL VALLE DE MÉXICO,ADMINISTRACIÓN DE EMPRESAS,75,NINGUNO,15/05/2015,187184,33,FALSO
18,MÉXICO,SONORA,HOMBRE,SOLTERO(A),0,NO DESEO DECLARARLA,2020-01-06 00:00:00,VERDADERO,UNIVERSIDAD DE SONORA,LICENCIATURA EN MATEMATICAS,83,NINGUNO,,187168,28,VERDADERO
19,MÉXICO,SONORA,MUJER,SOLTERO(A),0,NINGUNA RELIGIÓN,2020-02-06 00:00:00,VERDADERO,UNIVERSIDAD DE SONORA,LICENCIATURA EN MATEMÁTICAS,80,TESIS PROFESIONAL,03/12/2020,187189,29,VERDADERO
20,MÉXICO,SONORA,HOMBRE,CASADO(A),1,NO DESEO DECLARARLA,2020-09-06 00:00:00,VERDADERO,ITESM,IQA,81,EXAMEN NACIONAL DE CALIDAD (CENEVAL),04/01/2010,187204,40,VERDADERO
21,MÉXICO,SONORA,HOMBRE,SOLTERO(A),0,NO DESEO DECLARARLA,2020-10-06 00:00:00,FALSO,UNIVERSIDAD DE SONORA,LICENCIATURA EN BIOLOGÍA,84,EXAMEN NACIONAL DE CALIDAD (CENEVAL),06/10/2016,184713,32,FALSO
22,MÉXICO,SONORA,HOMBRE,CASADO(A),1,NINGUNA RELIGIÓN,2020-06-15 00:00:00,VERDADERO,UNIVERSIDAD DE SONORA,ECONOMÍA,90,TESIS PROFESIONAL,12/05/2006,187214,42,VERDADERO
23,MÉXICO,SONORA,HOMBRE,SOLTERO(A),0,NINGUNA RELIGIÓN,2020-06-15 00:00:00,VERDADERO,UNIVERSIDAD DEL VALLE DE MÉXICO,MERCADOTECNIA INTERNACIONAL,"82,5",EXAMEN NACIONAL DE CALIDAD (CENEVAL),04/09/2018,187216,35,VERDADERO
24,MÉXICO,SONORA,HOMBRE,CASADO(A),0,NO DESEO DECLARARLA,2020-06-15 00:00:00,VERDADERO,ITESM,INGENIERO EN TECNOLOGÍAS DE INFORMACIÓN Y COMUNICACIONES,"91,05",POR PROMEDIO,14/05/2012,187109,34,VERDADERO
25,MÉXICO,SONORA,HOMBRE,SOLTERO(A),0,CATÓLICA,2020-06-15 00:00:00,VERDADERO,UNIVERSIDAD DE SONORA,LICENCIATURA EN CIENCIAS COMPUTACIONALES,"83,38",EXAMEN NACIONAL DE CALIDAD (CENEVAL),,187217,27,VERDADERO
26,MÉXICO,SONORA,HOMBRE,SOLTERO(A),0,NINGUNA RELIGIÓN,2020-06-17 00:00:00,VERDADERO,UNISON,CIENCIAS DE LA COMPUTACION,"79,72",EXAMEN NACIONAL DE CALIDAD (CENEVAL),06/07/2019,187213,29,VERDADERO
27,MÉXICO,SONORA,HOMBRE,SOLTERO(A),0,CATÓLICA,2020-06-18 00:00:00,VERDADERO,INSTITUTO TECNOLÓGICO Y DE ESTUDIOS SUPERIORES DE MONTERREY CAMPUS SONORA NORTE,INGENIERÍA EN MECATRONICA. IMT04,"87,203",EXAMEN NACIONAL DE CALIDAD (CENEVAL),13/05/2010,187206,36,VERDADERO
28,MÉXICO,SONORA,HOMBRE,CASADO(A),1,NO DESEO DECLARARLA,,FALSO,UNIVERSIDAD DE SONORA,LICENCIATURA EN FISICA,88,TESIS PROFESIONAL,04/05/2015,187223,35,FALSO
29,MÉXICO,SONORA,HOMBRE,SOLTERO(A),0,NO DESEO DECLARARLA,2020-06-18 00:00:00,VERDADERO,UNIVERSIDAD DE SONORA,LICENCIATURA EN FÍSICA,"88,16",TESIS PROFESIONAL,01/09/2020,187066,29,VERDADERO
30,MÉXICO,SONORA,HOMBRE,SOLTERO(A),0,CATÓLICA,2020-06-19 00:00:00,FALSO,UNIVERSIDAD DE SONORA,ING. MECATRONICA,"77,79",EXAMEN NACIONAL DE CALIDAD (CENEVAL),30/11/2020,187225,31,FALSO
31,MÉXICO,SONORA,HOMBRE,SOLTERO(A),0,CATÓLICA,2020-06-19 00:00:00,FALSO,UNIVERSIDAD DE SONORA,ING. MECATRONICA,"77,79",EXAMEN NACIONAL DE CALIDAD (CENEVAL),30/11/2020,187225,31,FALSO
32,MÉXICO,SONORA,MUJER,SOLTERO(A),0,NO DESEO DECLARARLA,2020-06-19 00:00:00,VERDADERO,UNIVERSIDAD DE SONORA,MATEMÁTICAS,"87,98",TESIS PROFESIONAL,06/01/2012,186343,38,VERDADERO
33,MÉXICO,SONORA,HOMBRE,CASADO(A),1,CATÓLICA,2020-06-19 00:00:00,FALSO,UNIVERSIDAD DE SONORA,LICENCIADO EN CIENCIAS DE LA COMPUTACIÓN,80,EXAMEN NACIONAL DE CALIDAD (CENEVAL),08/03/2009,187226,44,FALSO
0,MÉXICO,SONORA,MUJER,SOLTERO(A),0,NINGUNA RELIGIÓN,2020-11-20 00:00:00,FALSO,UNIVERSIDAD DE SONORA,LIC. ECONOMÍA,"90,28",NINGUNO,31/12/2020,187273,26,FALSO
1,MÉXICO,MÉXICO,HOMBRE,SOLTERO(A),0,CATÓLICA,2020-12-17 00:00:00,FALSO,UNIVERSIDAD DE SONORA,CIENCIAS DE LA COMPUTACIÓN,"88,8",POR PROMEDIO,31/08/2014,187628,32,FALSO
2,MÉXICO,SONORA,HOMBRE,CASADO(A),2,CATÓLICA,2021-01-25 00:00:00,FALSO,INSTITUTO TECNOLÓGICO SUPERIOR DE CAJEME,INGENIERIA EN SISTEMAS COMPUTACIONALES,93,POR PROMEDIO,14/03/2014,187741,36,FALSO
3,MÉXICO,SONORA,HOMBRE,SOLTERO(A),0,NO DESEO DECLARARLA,2021-01-30 00:00:00,FALSO,UNIVERSIDAD DE SONORA,LICENCIATURA EN FÍSICA,"88,16",TESIS PROFESIONAL,01/09/2020,187066,29,FALSO
4,MÉXICO,OAXACA,MUJER,SOLTERO(A),0,NINGUNA RELIGIÓN,2021-04-02 00:00:00,FALSO,UNAM,LICENCIATURA EN MATEMÁTICAS,87,TESIS PROFESIONAL,23/11/2017,187824,35,FALSO
5,MÉXICO,SONORA,HOMBRE,CASADO(A),0,NO DESEO DECLARARLA,2021-02-15 00:00:00,FALSO,INTITUTO TECNOLOGICO DE HERMOSILLO,INGENIERIA MECANICA,"86,33",PRÁCTICAS PROFESIONALES,16/05/2016,187473,31,FALSO
6,MÉXICO,OAXACA,HOMBRE,SOLTERO(A),0,NO DESEO DECLARARLA,2021-02-22 00:00:00,FALSO,ITO,INGENIERÍA INDUSTRIAL,86,PRÁCTICAS PROFESIONALES,16/05/2017,187922,30,FALSO
7,MÉXICO,SONORA,HOMBRE,SOLTERO(A),0,CATÓLICA,2021-02-23 00:00:00,FALSO,UNIVERSIDAD DE SONORA,INGENIERÍA MECATRONICA,85,EXAMEN NACIONAL DE CALIDAD (CENEVAL),15/01/2012,186682,34,FALSO
8,MÉXICO,SONORA,HOMBRE,SOLTERO(A),0,CATÓLICA,2021-02-23 00:00:00,FALSO,UNIVERSIDAD DE SONORA,INGENIERÍA EN SISTEMAS DE INFORMACIÓN,87,EXAMEN NACIONAL DE CALIDAD (CENEVAL),01/03/2018,186682,34,FALSO
9,MÉXICO,SONORA,HOMBRE,SOLTERO(A),0,NO DESEO DECLARARLA,2021-02-03 00:00:00,FALSO,UNIVERSIDAD DE SONORA,INGENIERIA EN MECATRÓNICA,"82,17",EXAMEN NACIONAL DE CALIDAD (CENEVAL),02/06/2015,187983,36,FALSO
10,MÉXICO,SONORA,HOMBRE,SOLTERO(A),0,NO DESEO DECLARARLA,2021-04-23 00:00:00,FALSO,INSTITUTO TECNOLOGICO SUPERIOR DE CAJEME,INGENIERIA EN SISTEMAS COMPUTACIONALES,96,POR PROMEDIO,27/04/2012,188000,34,FALSO
11,MÉXICO,SONORA,HOMBRE,SOLTERO(A),1,CATÓLICA,2021-08-03 00:00:00,FALSO,INSTITUTO TECNOLOGICO HERMOSILLO,INGENIERIA EN SISTEMAS COMPUTACIONALES,"81,15",POR DIPLOMADO,22/01/2016,185164,32,FALSO
12,CUBA,ALQUIZAR,MUJER,SOLTERO(A),0,NO DESEO DECLARARLA,2021-08-03 00:00:00,FALSO,"UNIVERSIDAD CENTRAL ""MARTA ABREU"" DE LAS VILLAS",LICENCIATURA EN CIENCIA DE LA COMPUTACIÓN,90,TESINA,13/07/2012,188022,34,FALSO
13,MÉXICO,SONORA,HOMBRE,SOLTERO(A),0,CATÓLICA,2021-09-03 00:00:00,FALSO,UNISON,ING. SISTEMAS DE INFORMACION,"80,67",EXAMEN NACIONAL DE CALIDAD (CENEVAL),27/06/2014,188048,34,FALSO
14,MÉXICO,BAJA CALIFORNIA,MUJER,SOLTERO(A),0,NO DESEO DECLARARLA,2021-03-18 00:00:00,FALSO,UNIVERSIDAD DE SONORA,LICENCIATURA EN MATEMÁTICAS,98,POR PROMEDIO,27/11/2020,187718,26,FALSO
15,MÉXICO,SONORA,MUJER,SOLTERO(A),2,CATÓLICA,2021-03-18 00:00:00,FALSO,INSTITUTO TECNOLOGICO DE HERMOSILLO,ING. MECATRONICA,82,NINGUNO,,188065,33,FALSO
16,MÉXICO,SONORA,HOMBRE,SOLTERO(A),0,CATÓLICA,2021-03-19 00:00:00,FALSO,INSTITUTO TECNOLOGICO DE HERMOSILLO,INGENIERIA EN SISTEMAS COMPUTACIONALES,92,POR PROMEDIO,23/09/1998,188119,48,FALSO
17,MÉXICO,SONORA,MUJER,CASADO(A),2,NO DESEO DECLARARLA,2021-03-20 00:00:00,FALSO,UNIVERSIDAD DE SONORA ,LIC EN MATEMÁTICAS ,84,TESIS PROFESIONAL,01/10/2004,188127,42,FALSO
18,CUBA,HABANA,MUJER,SOLTERO(A),0,CATÓLICA,2021-03-21 00:00:00,FALSO,INSTITUTO SUPERIOR POLITECNICO JOSE ANTONIO ECHEVERRIA(CUJAE),INGENIERIA INFORMATICA,80,TESIS PROFESIONAL,22/03/2014,187703,36,FALSO
19,MÉXICO,NUEVO LEÓN,HOMBRE,SOLTERO(A),0,NO DESEO DECLARARLA,2021-03-23 00:00:00,FALSO,UNIVERSIDAD ESTATAL DE SONORA,INGENIERÍA DE SOFTWARE,93,POR PROMEDIO,14/10/2019,188141,26,FALSO
20,MÉXICO,SONORA,HOMBRE,CASADO(A),3,CATÓLICA,,FALSO,UNIVERSIDAD DE SONORA,INGENIERÍA INDUSTRIAL Y DE SISTEMAS,83,EXAMEN NACIONAL DE CALIDAD (CENEVAL),31/10/2008,188160,39,FALSO
21,MÉXICO,SONORA,HOMBRE,SOLTERO(A),0,NINGUNA RELIGIÓN,2021-05-24 00:00:00,FALSO,UNIVERSIDAD DE SONORA,LICENCIATURA EN CIENCIAS DE LA COMPUTACIÓN,98,EXAMEN NACIONAL DE CALIDAD (CENEVAL),21/05/2021,188254,24,FALSO
22,MÉXICO,SONORA,HOMBRE,SOLTERO(A),0,NO DESEO DECLARARLA,2021-05-04 00:00:00,FALSO,UNIVERSIDAD DE SONORA,QUÍMICO BIÓLOGO CLÍNICO,92,TESIS PROFESIONAL,28/08/2020,188252,26,FALSO
23,MÉXICO,SONORA,HOMBRE,CASADO(A),1,NO DESEO DECLARARLA,,FALSO,INSTITUTO TECNOLÓGICO DE HERMOSILLO,INGENIERÍA EN SISTEMAS COMPUTACIONALES,89,TRABAJO PROFESIONAL,15/12/2014,188257,37,FALSO
24,MÉXICO,SONORA,HOMBRE,SOLTERO(A),0,NINGUNA RELIGIÓN,2021-06-04 00:00:00,FALSO,UNIVERSIDAD DE SONORA,ING. EN TECNOLOGÍA ELECTRÓNICA ,"90,2",POR PROMEDIO,24/02/2021,188152,25,FALSO
25,MÉXICO,SONORA,HOMBRE,CASADO(A),2,NO DESEO DECLARARLA,2021-12-04 00:00:00,FALSO,UNIVERSIDAD DE SONORA,CIENCIAS DE LA COMPUTACION,"79,32",EXPERIENCIA PROFESIONAL,23/05/2018,188314,41,FALSO
26,MÉXICO,VERACRUZ,HOMBRE,SOLTERO(A),0,NINGUNA RELIGIÓN,2021-04-18 00:00:00,FALSO,UNIVERSIDAD VERACRUZANA,LICENCIATURA EN CIENCIAS Y TÉCNICAS ESTADÍSTICAS ,82,TESIS PROFESIONAL,12/12/2017,188352,29,FALSO
27,MÉXICO,SINALOA,HOMBRE,CASADO(A),2,NO DESEO DECLARARLA,2021-04-19 00:00:00,FALSO,UNIVERSIDAD TECNOLÓGICA DE HERMOSILLO,INGENIERÍA EN MECATRÓNICA,93,TESINA,13/06/2011,188294,42,FALSO
28,MÉXICO,SINALOA,HOMBRE,CASADO(A),0,NO DESEO DECLARARLA,2021-04-23 00:00:00,FALSO,INSTITUTO TECNOLÓGICO SUPERIOR DE CAJEME, INGENIERÍA EN SISTEMAS,90,POR PROMEDIO,10/02/2012,188350,34,FALSO
29,MÉXICO,SONORA,HOMBRE,CASADO(A),1,NINGUNA RELIGIÓN,2021-04-21 00:00:00,FALSO,UNIVERSIDAD DE SONORA,LICENCIATURA EN CIENCIAS DE LA COMPUTACIÓN,"80,11",EXAMEN NACIONAL DE CALIDAD (CENEVAL),08/03/2009,188359,44,FALSO
30,MÉXICO,SONORA,HOMBRE,CASADO(A),3,NO DESEO DECLARARLA,2021-04-21 00:00:00,FALSO,UNIVERSIDAD DE SONORA,CIENCIAS DE LA COMPUTACIÓN,"78,27",EXAMEN NACIONAL DE CALIDAD (CENEVAL),06/06/2010,188336,42,FALSO
31,MÉXICO,SONORA,HOMBRE,CASADO(A),1,CATÓLICA,2021-04-26 00:00:00,FALSO,UNIVERSIDAD DE SONORA,LIC. EN CIENCIAS DE LA COMPUTACIÓN,"79,65",EXAMEN NACIONAL DE CALIDAD (CENEVAL),13/05/2019,188382,32,FALSO
32,MÉXICO,MÉXICO,HOMBRE,SOLTERO(A),0,CATÓLICA,2021-06-05 00:00:00,FALSO,UNIVERSIDAD AUTÓNOMA DEL ESTADO DE MÉXICO,LICENCIATURA EN ACTUARÍA,79,TESIS PROFESIONAL,30/06/2021,188424,27,FALSO
33,MÉXICO,BAJA CALIFORNIA SUR,HOMBRE,SOLTERO(A),0,NINGUNA RELIGIÓN,2021-05-17 00:00:00,FALSO,UNISON,LICENCIADO EN ECONOMÍA,"92,57",POR PROMEDIO,23/02/2021,188460,28,FALSO
34,MÉXICO,SONORA,MUJER,SOLTERO(A),0,CATÓLICA,2021-05-18 00:00:00,FALSO,UNIVERSIDAD DE SONORA,ECONOMÍA,86,PRÁCTICAS PROFESIONALES,,188466,25,FALSO
35,MÉXICO,SONORA,HOMBRE,SOLTERO(A),0,NO DESEO DECLARARLA,2021-05-20 00:00:00,FALSO,UNIVERSIDAD DE SONORA,LICENCIATURA EN FÍSICA,"81,3",NINGUNO,01/12/2021,188477,31,FALSO
36,MÉXICO,SONORA,MUJER,SOLTERO(A),0,CATÓLICA,2021-05-24 00:00:00,FALSO,UNIVERSIDAD DE SONORA,LICENCIATURA EN MATEMÁTICAS,"97,75",POR PROMEDIO,07/01/2021,188470,26,FALSO
37,MÉXICO,SONORA,HOMBRE,CASADO(A),1,NINGUNA RELIGIÓN,2021-05-25 00:00:00,FALSO,UNIVERSIDAD DE SONORA,ING. EN MECATRÓNICA,"97,02",EXAMEN DE GRADO,12/05/2015,188498,32,FALSO
38,MÉXICO,SONORA,MUJER,SOLTERO(A),0,NO DESEO DECLARARLA,2021-05-27 00:00:00,FALSO,,,0,,,188438,25,FALSO
39,MÉXICO,OAXACA,HOMBRE,SOLTERO(A),0,CATÓLICA,2021-05-28 00:00:00,FALSO,UNIVERSIDAD TECNOLÓGICA DE LA MIXTECA UTM,LICENCIATURA EN MATEMÁTICAS APLICADAS,75,TESINA,31/08/2021,188517,27,FALSO
40,MÉXICO,HIDALGO,HOMBRE,SOLTERO(A),0,NO DESEO DECLARARLA,2021-05-28 00:00:00,FALSO,UNIVERSIDAD DE LAS AMERICAS PUEBLA,ADMINISTRACIÓN DE EMPRESAS,88,TESIS PROFESIONAL,22/07/2016,184901,31,FALSO
41,MÉXICO,SONORA,HOMBRE,SOLTERO(A),0,NO DESEO DECLARARLA,2021-05-28 00:00:00,FALSO,INSTITUTO TECNOLÓGICO DE HERMOSILLO,INGENIERÍA EN SISTEMAS COMPUTACIONALES,"87,28",PRÁCTICAS PROFESIONALES,15/10/2019,187948,27,FALSO
42,MÉXICO,OAXACA,HOMBRE,SOLTERO(A),0,CATÓLICA,2021-05-28 00:00:00,FALSO,UNIVERSIDAD TECNOLÓGICA DE LA MIXTECA,INGENIERÍA EN MECATRÓNICA,82,TESIS PROFESIONAL,25/10/2021,188523,29,FALSO
43,MÉXICO,SONORA,HOMBRE,SOLTERO(A),0,NO DESEO DECLARARLA,2021-05-28 00:00:00,FALSO,UNIVERSIDAD DE SONORA,CIENCIAS DE LA COMPUTACIÓN,"84,96",EXAMEN NACIONAL DE CALIDAD (CENEVAL),31/10/2021,188524,26,FALSO
0,MÉXICO,TAMAULIPAS,HOMBRE,SOLTERO(A),0,NO DESEO DECLARARLA,2021-10-25 00:00:00,VERDADERO,UNIVERSIDAD POLITÉCNICA DE VICTORIA,INGENIERÍA MECATRÓNICA,92,TESINA,20/01/2017,188794,28,VERDADERO
1,MÉXICO,SONORA,HOMBRE,SOLTERO(A),0,CATÓLICA,2021-11-28 00:00:00,FALSO,UNIVERSIDAD DE SONORA,CIENCIAS DE LA COMPUTACIÓN,"84,89",EXAMEN NACIONAL DE CALIDAD (CENEVAL),22/03/2021,188816,26,FALSO
2,MÉXICO,SINALOA,HOMBRE,SOLTERO(A),0,CATÓLICA,2021-11-25 00:00:00,FALSO,UNIVERSIDAD DE SONORA,LICENCIATURA EN CIENCIAS DE LA COMPUTACIÓN,"84,34",EXAMEN NACIONAL DE CALIDAD (CENEVAL),03/03/2021,188910,28,FALSO
3,CUBA,ALQUIZAR,HOMBRE,SOLTERO(A),0,NINGUNA RELIGIÓN,2021-11-29 00:00:00,FALSO,,,0,,,188918,29,FALSO
4,CUBA,ALQUIZAR,HOMBRE,SOLTERO(A),0,NO DESEO DECLARARLA,2021-11-30 00:00:00,FALSO,UNIVERSIDAD DE CIENCIAS INFORMÁTICAS ,INGENIERÍA EN CIENCIAS INFORMÁTICAS,78,TESIS PROFESIONAL,29/06/2018,188922,29,FALSO
5,MÉXICO,AGUASCALIENTES,HOMBRE,SOLTERO(A),0,NO DESEO DECLARARLA,2021-11-30 00:00:00,FALSO,UNIVERSIDAD TECNOLÓGICA DEL NORTE DE AGUASCALIENTES,INGENIERÍA EN TECNOLOGÍAS DE LA INFORMACIÓN,97,PRÁCTICAS PROFESIONALES,13/08/2021,188865,25,FALSO
6,MÉXICO,SONORA,HOMBRE,SOLTERO(A),0,NINGUNA RELIGIÓN,2021-04-12 00:00:00,VERDADERO,UNIVERSIDAD DE SONORA,LIC. EN INFORMATICA ADMINISTRATIVA,"85,71",EXAMEN NACIONAL DE CALIDAD (CENEVAL),11/03/2017,188916,30,VERDADERO
7,MÉXICO,NUEVO LEÓN,HOMBRE,SOLTERO(A),0,NO DESEO DECLARARLA,2021-12-16 00:00:00,FALSO,UNIVERSIDAD ESTATAL DE SONORA,INGENIERÍA DE SOFTWARE,93,POR PROMEDIO,14/10/2019,188141,26,FALSO
8,MÉXICO,SONORA,MUJER,SOLTERO(A),0,CATÓLICA,2021-12-27 00:00:00,VERDADERO,UNIVERSIDAD DE SONORA,ECONOMÍA,"96,038",EXAMEN NACIONAL DE CALIDAD (CENEVAL),12/04/2021,189045,26,VERDADERO
9,MÉXICO,OAXACA,HOMBRE,SOLTERO(A),0,NINGUNA RELIGIÓN,2022-01-01 00:00:00,FALSO,UABJO,LIC. EN FÍSICA,88,TESIS PROFESIONAL,11/03/2022,189029,25,FALSO
10,CUBA,GRANMA,HOMBRE,DIVORCIADO(A),1,NINGUNA RELIGIÓN,2022-04-01 00:00:00,FALSO,UNIVERSIDAD DE GRANMA,LIC. CONTABILIDAD Y FINANZAS,"99,2",EXAMEN GENERAL DE CONOCIMIENTO,20/06/2019,189073,37,FALSO
11,CUBA,HABANA,MUJER,UNIÓN LIBRE,0,NINGUNA RELIGIÓN,2022-07-01 00:00:00,FALSO,"UNIVERSIDAD TECNOLÓGICA DE LA HABANA ""JOSÉ ANTONIO ECHEVERRÍA"" CUJAE",INGENIERÍA INDUSTRIAL,"92,2",TESIS PROFESIONAL,15/07/2017,188894,29,FALSO
12,MÉXICO,SONORA,HOMBRE,CASADO(A),0,CATÓLICA,2022-12-01 00:00:00,VERDADERO,UNIVERSIDAD DE SONORA,INGENIERIA MECATRONICA,"82,84",EXAMEN NACIONAL DE CALIDAD (CENEVAL),27/09/2015,189179,31,VERDADERO
13,MÉXICO,SONORA,MUJER,SOLTERO(A),0,NO DESEO DECLARARLA,2022-01-14 00:00:00,VERDADERO,UNIVERSIDAD DE SONORA,INGENIERIA INDUSTRIAL Y DE SISTEMAS,"87,9",EXAMEN NACIONAL DE CALIDAD (CENEVAL),20/09/2005,189178,42,VERDADERO
14,MÉXICO,SONORA,HOMBRE,CASADO(A),3,CATÓLICA,2022-01-14 00:00:00,FALSO,UNIVERSIDAD DE SONORA,INGENIERÍA INDUSTRIAL Y DE SISTEMAS,83,EXAMEN NACIONAL DE CALIDAD (CENEVAL),31/10/2008,188160,39,FALSO
15,MÉXICO,SONORA,HOMBRE,SOLTERO(A),0,NO DESEO DECLARARLA,2022-01-30 00:00:00,FALSO,UNIVERSIDAD TECNOLÓGICA DE HERMOSILLO ,LICENCIATURA EN MANTENIMIENTO INDUSTRIAL ,95,PRÁCTICAS PROFESIONALES,20/05/2016,189222,29,FALSO
16,CUBA,HABANA,MUJER,SOLTERO(A),2,ESPIRITUALISTAS,2022-01-22 00:00:00,FALSO,UNIVERSIDAD DE LAS CIENCIAS INFORMÁTICAS ,INGENIERO EN CIENCIAS INFORMATICAS,"82,4",TESIS PROFESIONAL,03/07/2012,189214,33,FALSO
17,CUBA,ALQUIZAR,MUJER,SOLTERO(A),0,NINGUNA RELIGIÓN,2022-01-18 00:00:00,VERDADERO,UNIVERSIDAD DE LA HABANA,LICENCIATURA EN MATEMÁTICA,"80,6",EXAMEN GENERAL DE CONOCIMIENTO,01/07/2016,188908,29,VERDADERO
18,MÉXICO,SONORA,HOMBRE,CASADO(A),3,CATÓLICA,2022-01-20 00:00:00,FALSO,ITESM,INGENIERO MECANICO ADMINISTRADOR,84,NINGUNO,17/12/1999,189303,47,FALSO
19,MÉXICO,SONORA,HOMBRE,CASADO(A),2,NINGUNA RELIGIÓN,2022-02-21 00:00:00,FALSO,INSTITUTO TECNOLÓGICO DE HERMOSILLO,INGENIERÍA EN SISTEMAS COMPUTACIONALES,85,EXPERIENCIA PROFESIONAL,29/05/2019,189297,39,FALSO
20,MÉXICO,SONORA,HOMBRE,SOLTERO(A),0,NINGUNA RELIGIÓN,2022-01-23 00:00:00,VERDADERO,UNIVERSIDAD DE SONORA,ECONOMÍA,94,POR PROMEDIO,05/07/2018,189310,29,VERDADERO
21,MÉXICO,SONORA,HOMBRE,SOLTERO(A),0,CATÓLICA,2022-01-24 00:00:00,FALSO,UNISON,LICENCIATURA EN CIENCIAS DE LA COMPUTACIÓN,"98,57",POR PROMEDIO,31/05/2022,189325,25,FALSO
22,CUBA,ALQUIZAR,HOMBRE,SOLTERO(A),0,CATÓLICA,2022-01-27 00:00:00,FALSO,UNIVERSIDAD DE LA HABANA,CIENCIA DE LA COMPUTACIÓN,88,POR DIPLOMADO,16/11/2017,189368,27,FALSO
23,MÉXICO,SINALOA,HOMBRE,CASADO(A),0,NO DESEO DECLARARLA,2022-03-23 00:00:00,FALSO,INSTITUTO TECNOLÓGICO SUPERIOR DE CAJEME, INGENIERÍA EN SISTEMAS,90,POR PROMEDIO,10/02/2012,188350,34,FALSO
24,MÉXICO,ZACATECAS,HOMBRE,SOLTERO(A),0,NO DESEO DECLARARLA,2022-01-28 00:00:00,FALSO,UNIVERSIDAD AUTÓNOMA DE ZACATECAS,LICENCIATURA EN FÍSICA,93,POR PROMEDIO,,189366,23,FALSO
25,MÉXICO,ZACATECAS,HOMBRE,SOLTERO(A),0,NO DESEO DECLARARLA,2022-01-29 00:00:00,FALSO,UNIVERSIDAD AUTÓNOMA DE ZACATECAS,LIC. FISICA,86,TESINA,25/11/2022,189112,24,FALSO
26,MÉXICO,MÉXICO,HOMBRE,SOLTERO(A),0,NINGUNA RELIGIÓN,,FALSO,UNIVERSITY OF THE PEOPLE,COMPUTER SCIENCE,85,EXPERIENCIA PROFESIONAL,15/03/2022,189355,30,FALSO
27,MÉXICO,SONORA,MUJER,SOLTERO(A),0,NINGUNA RELIGIÓN,2022-10-02 00:00:00,FALSO,UNIVERSIDAD DE SONORA ,ECONOMÍA ,85,EXAMEN NACIONAL DE CALIDAD (CENEVAL),26/01/2022,189593,27,FALSO
28,MÉXICO,BAJA CALIFORNIA,MUJER,SOLTERO(A),0,NO DESEO DECLARARLA,2022-10-02 00:00:00,FALSO,UNIVERSIDAD AUTÓNOMA DE BAJA CALIFORNIA,MATEMÁTICAS APLICADAS,"84,3",NINGUNO,20/09/2021,189086,25,FALSO
29,MÉXICO,MÉXICO,HOMBRE,SOLTERO(A),0,NO DESEO DECLARARLA,2022-02-14 00:00:00,VERDADERO,UNIVERSIDAD NACIONAL AUTÓNOMA DE MÉXICO,ACTUARÍA,"81,7",NINGUNO,,189623,33,VERDADERO
30,MÉXICO,SONORA,HOMBRE,SOLTERO(A),0,CATÓLICA,2022-02-16 00:00:00,FALSO,UNIVERSIDAD DE SONORA,FINANZAS,89,TRABAJO PROFESIONAL,14/04/2016,188384,30,FALSO
31,MÉXICO,SONORA,MUJER,SOLTERO(A),0,CATÓLICA,2022-02-18 00:00:00,VERDADERO,INSTITUTO TECNOLÓGICO Y DE ESTUDIOS SUPERIORES DE MONTERREY,INGENIERO INDUSTRIAL Y DE SISTEMAS,94,EXAMEN NACIONAL DE CALIDAD (CENEVAL),13/12/2021,189678,24,VERDADERO
32,MÉXICO,SONORA,MUJER,SOLTERO(A),0,ESPIRITUALISTAS,2022-02-22 00:00:00,FALSO,UNIVERSIDAD KINO ,INGENIERÍA EN DISEÑO GRÁFICO DIGITAL,"99,89",POR PROMEDIO,,189216,24,FALSO
33,MÉXICO,SONORA,HOMBRE,SOLTERO(A),0,NINGUNA RELIGIÓN,2022-02-25 00:00:00,FALSO,UNIVERSIDAD DE SONORA,LICENCIATURA EN FÍSICA,"84,98",NINGUNO,,189797,25,FALSO
34,MÉXICO,SONORA,HOMBRE,SOLTERO(A),1,CATÓLICA,2022-07-03 00:00:00,FALSO,UNIVERSIDAD LA SALLE NOROESTE,LICENCIATURA EN INGENIERÍA MECATRONICA,90,POR PROMEDIO,03/12/2008,189931,41,FALSO
35,MÉXICO,SONORA,HOMBRE,SOLTERO(A),0,PROTESTANTE,2022-09-03 00:00:00,VERDADERO,UNIVERSIDAD DE SONORA,INGENIERÍA MECATRÓNICA,"94,51",TESIS PROFESIONAL,14/12/2021,189795,25,VERDADERO
36,MÉXICO,SONORA,HOMBRE,SOLTERO(A),0,CATÓLICA,2022-11-03 00:00:00,FALSO,UNAM,MVZ,"68,9",NINGUNO,,190025,60,FALSO
37,MÉXICO,SONORA,HOMBRE,SOLTERO(A),0,CATÓLICA,2022-11-03 00:00:00,FALSO,UNISON,L.A,89,EXAMEN NACIONAL DE CALIDAD (CENEVAL),01/01/1999,190025,60,FALSO
38,MÉXICO,SONORA,HOMBRE,SOLTERO(A),0,CATÓLICA,2022-11-03 00:00:00,FALSO,UNISON,CP,89,NINGUNO,,190025,60,FALSO
39,MÉXICO,SONORA,HOMBRE,SOLTERO(A),0,CATÓLICA,2022-11-03 00:00:00,FALSO,UNISON,LIC. EN PSICOLOGIA-TRUNCA,61,NINGUNO,,190025,60,FALSO
40,MÉXICO,SONORA,HOMBRE,SOLTERO(A),0,CATÓLICA,2022-11-03 00:00:00,FALSO,ITH-CENTRO DE EDUCACION A DISTANCIA-PRG.PILOTO INTERRUMPIDO POR LA INSTITUCION,INGENIERO EN SISTEMAS COMPUTACIONALES TRUNCA,80,NINGUNO,,190025,60,FALSO
41,MÉXICO,SONORA,MUJER,SOLTERO(A),0,NINGUNA RELIGIÓN,2022-03-20 00:00:00,VERDADERO,UNIVERSIDAD DE SONORA,LICENCIATURA EN MATEMÁTICAS,97,TESIS PROFESIONAL,19/10/2018,186930,27,VERDADERO
42,MÉXICO,SONORA,HOMBRE,SOLTERO(A),0,NINGUNA RELIGIÓN,2022-03-20 00:00:00,VERDADERO,UNIVERSIDAD DE SONORA,LICENCIATURA EN CIENCIAS DE LA COMPUTACIÓN,"97,71",EXAMEN NACIONAL DE CALIDAD (CENEVAL),03/10/2019,190033,27,VERDADERO
43,MÉXICO,SONORA,HOMBRE,SOLTERO(A),0,NO DESEO DECLARARLA,2022-03-15 00:00:00,FALSO,UNIVERSIDAD AUTÓNOMA DE CIUDAD JUÁREZ,FINANZAS,90,POR PROMEDIO,13/03/2017,190049,27,FALSO
44,MÉXICO,CIUDAD DE MÉXICO,HOMBRE,SOLTERO(A),0,NO DESEO DECLARARLA,2022-03-19 00:00:00,FALSO,ESCUELA BANCARIA COMERCIAL,LICENCIATURA EN CONTABILIDAD,89,PRÁCTICAS PROFESIONALES,01/08/2019,190087,31,FALSO
45,MÉXICO,CIUDAD DE MÉXICO,HOMBRE,SOLTERO(A),0,NO DESEO DECLARARLA,2022-03-19 00:00:00,FALSO,UNADM,LICENCIATURA EN MATEMÁTICAS,92,TRABAJO TERMINAL,01/08/2019,190087,31,FALSO
46,CUBA,SANTIAGO DE CUBA,HOMBRE,SOLTERO(A),0,PROTESTANTE,2022-03-27 00:00:00,FALSO,UNIVERSIDAD DE ORIENTE,CIENCIA DE LA COMPUTACIÓN,90,NINGUNO,07/07/2020,190156,27,FALSO
47,MÉXICO,SONORA,HOMBRE,SOLTERO(A),0,NINGUNA RELIGIÓN,2022-03-31 00:00:00,VERDADERO,ITESM,INGENIERÍA MECATRÓNICA,93,EXAMEN NACIONAL DE CALIDAD (CENEVAL),14/12/2018,190212,27,VERDADERO
48,MÉXICO,JALISCO,MUJER,SOLTERO(A),0,NO DESEO DECLARARLA,2022-03-04 00:00:00,FALSO,UNIVERSIDAD DE SONORA,LIC. ECONOMIA,"97,54",EXAMEN NACIONAL DE CALIDAD (CENEVAL),27/11/2020,190222,21,FALSO
49,MÉXICO,SINALOA,HOMBRE,SOLTERO(A),0,NINGUNA RELIGIÓN,2022-04-04 00:00:00,FALSO,UNIVERSIDAD AUTONOMA DE SINALOA,LICENCIATURA EN ECONOMIA,87,EXAMEN GENERAL DE CONOCIMIENTO,14/06/2021,190229,25,FALSO
50,MÉXICO,SONORA,MUJER,SOLTERO(A),0,NO DESEO DECLARARLA,2022-06-04 00:00:00,VERDADERO,UNIVERSIDAD DE SONORA,CIENCIAS DE LA COMPUTACIÓN ,95,POR PROMEDIO,31/05/2017,189762,23,VERDADERO
51,MÉXICO,SONORA,HOMBRE,SOLTERO(A),0,NO DESEO DECLARARLA,2022-04-25 00:00:00,VERDADERO,UNIVERSIAD DE SONORA,LICENCIATURA EN BIOLOGIA,89,EXAMEN DE GRADO,12/06/2014,190344,37,VERDADERO
52,MÉXICO,SONORA,HOMBRE,SOLTERO(A),0,NO DESEO DECLARARLA,2022-05-30 00:00:00,FALSO,UNISON,LICENCIATURA EN MATEMÁTICAS,81,TESIS PROFESIONAL,25/11/2022,190415,28,FALSO
53,MÉXICO,SONORA,HOMBRE,DIVORCIADO(A),1,NINGUNA RELIGIÓN,2022-05-16 00:00:00,FALSO,UNISON,DERECHO,"80,56",EXAMEN NACIONAL DE CALIDAD (CENEVAL),04/08/2021,190439,30,FALSO
54,MÉXICO,SONORA,HOMBRE,SOLTERO(A),0,NINGUNA RELIGIÓN,2022-05-16 00:00:00,VERDADERO,UNIVERSIDAD DE SONORA,ING. EN TECNOLOGÍA ELECTRÓNICA ,"90,2",POR PROMEDIO,24/02/2021,188152,25,VERDADERO
55,MÉXICO,SONORA,HOMBRE,SOLTERO(A),0,CATÓLICA,2022-05-18 00:00:00,FALSO,UNIVERSIDAD DEL VALLE DE MEXICO,LICENCIATURA EN DERECHO,85,POR PROMEDIO,24/11/2015,190479,30,FALSO
56,MÉXICO,SONORA,HOMBRE,SOLTERO(A),0,NO DESEO DECLARARLA,2022-05-21 00:00:00,FALSO,UNIVERSIDAD ESTATAL DE SONORA,INGENIERÍA DE SOFTWARE,93,POR PROMEDIO,04/06/2021,190359,24,FALSO
57,MÉXICO,SONORA,HOMBRE,SOLTERO(A),0,CATÓLICA,2022-05-24 00:00:00,VERDADERO,UNIVERSIDAD DE SONORA,LICENCIATURA EN CIENCIAS DE LA COMPUTACIÓN ,"93,81",POR PROMEDIO,25/02/2022,189770,24,VERDADERO
58,MÉXICO,SONORA,MUJER,SOLTERO(A),0,NINGUNA RELIGIÓN,2022-05-27 00:00:00,FALSO,UNISON,MEDICINA,87,EXAMEN NACIONAL DE CALIDAD (CENEVAL),07/06/2017,190521,31,FALSO
59,MÉXICO,SONORA,HOMBRE,SOLTERO(A),0,NO DESEO DECLARARLA,2022-05-26 00:00:00,VERDADERO,UNIVERSIDAD DE SONORA,LICENCIATURA EN CIENCIAS DE LA COMPUTACIÓN,"92,6",POR PROMEDIO,31/10/2022,190512,23,VERDADERO
60,MÉXICO,SONORA,HOMBRE,SOLTERO(A),0,CATÓLICA,2022-05-27 00:00:00,FALSO,UNIVERSIDAD DE SONORA,CIENCIAS DE LA COMPUTACIÓN,91,POR PROMEDIO,30/12/2022,190509,23,FALSO
0,MÉXICO,SONORA,HOMBRE,SOLTERO(A),0,CATÓLICA,2022-10-24 00:00:00,FALSO,UNIVERSIDAD DE SONORA,FINANZAS,"92,48",POR PROMEDIO,08/08/2021,187846,25,FALSO
1,MÉXICO,SONORA,MUJER,SOLTERO(A),0,NO DESEO DECLARARLA,2023-01-31 00:00:00,FALSO,INSTITUTO TECNOLOGICO DE HUATABAMPO,INGENIERIA MECATRONICA,94,POR PROMEDIO,21/02/2014,190857,32,FALSO
2,MÉXICO,SONORA,HOMBRE,SOLTERO(A),0,NINGUNA RELIGIÓN,2022-08-11 00:00:00,FALSO,UNIVERSIDAD DE SONORA,QUIMICO BIOLOGO CLINICO,82,EXAMEN NACIONAL DE CALIDAD (CENEVAL),21/11/2019,190880,27,FALSO
3,MÉXICO,SONORA,HOMBRE,UNIÓN LIBRE,0,NINGUNA RELIGIÓN,,FALSO,UNIVERSIDAD DE SONORA,MATEMÁTICAS,"96,55",TESIS PROFESIONAL,30/07/2022,190365,25,FALSO
4,MÉXICO,SONORA,HOMBRE,CASADO(A),2,CATÓLICA,2022-11-17 00:00:00,FALSO,UNIVERSIDAD DE SONORA,INGENIERÍA EN SISTEMAS DE INFORMACIÓN,"92,25",EXAMEN NACIONAL DE CALIDAD (CENEVAL),31/08/2022,190696,57,FALSO
5,MÉXICO,SONORA,MUJER,SOLTERO(A),0,NO DESEO DECLARARLA,2022-11-18 00:00:00,FALSO,UNIVERSIDAD DE SONORA,LICENCIATURA NEGOCIOS Y COMERCIO INTERNACIONALES,"90,15",EXAMEN NACIONAL DE CALIDAD (CENEVAL),15/04/2019,190928,27,FALSO
6,CUBA,ALQUIZAR,MUJER,CASADO(A),0,NINGUNA RELIGIÓN,2022-11-23 00:00:00,FALSO,UNIVERSIDAD DE LAS CIENCIAS INFORMÁTICAS,PLAN DE ESTUDIO. CARRERA DE INGENIERÍA EN CIENCIAS INFORMÁTICAS 2008-2013,87,TESIS PROFESIONAL,24/07/2013,190946,32,FALSO
7,CUBA,SANCTI SPIRITUS,HOMBRE,CASADO(A),0,NINGUNA RELIGIÓN,2022-11-28 00:00:00,FALSO,UNIVERSIDAD JOSÉ MARTÍ PÉREZ,INGENIERIA INFORMÁTICA,"91,2",TESIS PROFESIONAL,24/12/2021,190954,26,FALSO
8,MÉXICO,SONORA,HOMBRE,SOLTERO(A),0,NINGUNA RELIGIÓN,2022-11-28 00:00:00,FALSO,UNIVERSIDAD DE SONORA,INGENIERIA MECATRONICA,"82,36",POR DIPLOMADO,17/05/2021,190835,27,FALSO
9,MÉXICO,SONORA,HOMBRE,DIVORCIADO(A),1,NINGUNA RELIGIÓN,2022-11-30 00:00:00,FALSO,UNISON,DERECHO,"80,56",EXAMEN NACIONAL DE CALIDAD (CENEVAL),04/08/2021,190439,30,FALSO
10,MÉXICO,SONORA,HOMBRE,SOLTERO(A),0,CATÓLICA,2022-06-12 00:00:00,FALSO,UNISON,LICENCIATURA EN CIENCIAS DE LA COMPUTACIÓN,"98,57",POR PROMEDIO,31/05/2022,189325,25,FALSO
11,MÉXICO,SONORA,HOMBRE,SOLTERO(A),0,NINGUNA RELIGIÓN,2022-08-12 00:00:00,FALSO,UNIVERSIDAD DE SONORA,LICENCIATURA EN MATEMÁTICAS ,"90,48",POR PROMEDIO,05/11/2021,190994,26,FALSO
12,MÉXICO,SONORA,MUJER,SOLTERO(A),0,PENTECOSTALES/EVANGÉLICAS/CRISTIANAS,2022-09-12 00:00:00,FALSO,UNIVERSIDAD SONORA,(LE) ECONOMÍA ,"88,15",EXAMEN NACIONAL DE CALIDAD (CENEVAL),25/10/2021,190995,28,FALSO
13,MÉXICO,SONORA,HOMBRE,SOLTERO(A),0,NO DESEO DECLARARLA,2023-07-01 00:00:00,FALSO,INSTITUTO TECNOLÓGICO DE HERMOSILLO,LICENCIATURA EN INGENIERÍA BIOMÉDICA,92,PRÁCTICAS PROFESIONALES,04/09/2021,190978,26,FALSO
14,CUBA,HABANA,MUJER,SOLTERO(A),2,ESPIRITUALISTAS,2022-12-26 00:00:00,FALSO,UNIVERSIDAD DE LAS CIENCIAS INFORMÁTICAS ,INGENIERO EN CIENCIAS INFORMATICAS,"82,4",TESIS PROFESIONAL,03/07/2012,189214,33,FALSO
15,MÉXICO,SONORA,HOMBRE,SOLTERO(A),0,NINGUNA RELIGIÓN,2023-01-01 00:00:00,FALSO,UNIVERSIDAD DE SONORA,FINANZAS,88,PRÁCTICAS PROFESIONALES,22/09/2021,190990,27,FALSO
16,CUBA,CIENFUEGOS,MUJER,SOLTERO(A),1,NINGUNA RELIGIÓN,2023-04-01 00:00:00,FALSO,UNIVERSIDAD DE CIENFUEGOS,INGENIERIA INFORMATICA,92,TRABAJO TERMINAL,03/07/2020,191075,29,FALSO
17,MÉXICO,SONORA,HOMBRE,SOLTERO(A),0,CATÓLICA,2023-05-01 00:00:00,FALSO,UNISON,ING. SISTEMAS DE INFORMACION,"80,67",EXAMEN NACIONAL DE CALIDAD (CENEVAL),27/06/2014,188048,34,FALSO
18,CUBA,VILLA CLARA ,HOMBRE,CASADO(A),1,NO DESEO DECLARARLA,2023-05-01 00:00:00,FALSO,UNIVERSIDAD CENTRAL MARTA ABREU DE LAS VILLAS,"LICENCIATURA EN EDUCACION, ESPECIALIDAD INFORMATICA",85,TESIS PROFESIONAL,17/07/2010,191101,40,FALSO
19,MÉXICO,SONORA,HOMBRE,CASADO(A),0,CATÓLICA,2023-06-01 00:00:00,FALSO,UNIVERSIDAD DE SONORA,INGENIERO MINERO,87,TRABAJO TERMINAL,14/04/2023,191113,33,FALSO
20,MÉXICO,SONORA,MUJER,CASADO(A),1,NO DESEO DECLARARLA,2023-01-18 00:00:00,VERDADERO,UNIVERSIDAD DE SONORA,LICENCIATURA EN CIENCIAS DE LA COMPUTACION,85,POR PROMEDIO,07/01/2010,191132,38,VERDADERO
21,MÉXICO,SONORA,HOMBRE,UNIÓN LIBRE,0,NINGUNA RELIGIÓN,2023-09-01 00:00:00,VERDADERO,UNISON,LICENCIATURA EN MATEMÁTICAS,"95,4",POR PROMEDIO,22/11/2022,191138,25,VERDADERO
22,MÉXICO,SONORA,HOMBRE,SOLTERO(A),0,CATÓLICA,2023-09-01 00:00:00,FALSO,UNIVERSIDAD ESTATAL DE SONORA,GESTION Y DESARROLLO DE NEGOCIOS,88,TESIS PROFESIONAL,,190728,28,FALSO
23,MÉXICO,SONORA,HOMBRE,SOLTERO(A),0,CATÓLICA,2023-10-01 00:00:00,FALSO,INSTITUTO TECNOLÓGICO Y DE ESTUDIOS SUPERIORES DE OCCIDENTE,INGENIERÍA INDUSTRIAL,87,PRÁCTICAS PROFESIONALES,14/05/2021,191149,26,FALSO
24,MÉXICO,SONORA,HOMBRE,SOLTERO(A),0,NO DESEO DECLARARLA,2023-12-01 00:00:00,VERDADERO,UNIVERSIDAD NACIONAL AUTÓNOMA DE MÉXICO,LICENCIATURA EN NEUROCIENCIAS,"95,4",TESIS PROFESIONAL,01/12/2022,190827,25,VERDADERO
25,MÉXICO,SONORA,HOMBRE,SOLTERO(A),0,NO DESEO DECLARARLA,2023-01-16 00:00:00,VERDADERO,UNIVERSIDAD DE SONORA,INGENIERÍA QUÍMICA,"92,98",EXAMEN NACIONAL DE CALIDAD (CENEVAL),27/10/2023,191201,23,VERDADERO
26,MÉXICO,SONORA,HOMBRE,SOLTERO(A),2,NINGUNA RELIGIÓN,2023-01-19 00:00:00,FALSO,UNIVERSIDAD DE SONORA,INGENIERÍA QUÍMICA,"88,85",NINGUNO,29/08/2022,191222,24,FALSO
27,MÉXICO,CHIAPAS,HOMBRE,SOLTERO(A),0,CATÓLICA,,FALSO,UNIVERSIDAD AUTÓNOMA DE CHIAPAS,MATEMÁTICAS APLICADAS,82,NINGUNO,,191257,22,FALSO
28,MÉXICO,CHIAPAS,HOMBRE,SOLTERO(A),0,CATÓLICA,,FALSO,INSTITUTO DE ESTUDIOS UNIVERSITARIOS ,CIENCIA DE DATOS PARA NEGOCIOS ,97,POR PROMEDIO,,191257,22,FALSO
29,MÉXICO,SONORA,HOMBRE,SOLTERO(A),0,NO DESEO DECLARARLA,2023-01-24 00:00:00,VERDADERO,UNIVERSIDAD DE SONORA,INGENIERÍA MECATRÓNICA,86,EXAMEN NACIONAL DE CALIDAD (CENEVAL),01/06/2020,191280,32,VERDADERO
30,MÉXICO,SONORA,MUJER,UNIÓN LIBRE,0,NO DESEO DECLARARLA,2023-01-25 00:00:00,FALSO,INSTITUTO TECNOLOGICO DE HERMOSILLO,DESARROLLO DE REDES Y TECNOLOGIA,"85,33",PRÁCTICAS PROFESIONALES,29/10/2010,191115,37,FALSO
31,MÉXICO,SONORA,MUJER,SOLTERO(A),0,NINGUNA RELIGIÓN,2023-01-26 00:00:00,FALSO,UNIVERSIDAD DE SONORA ,ECONOMÍA ,85,EXAMEN NACIONAL DE CALIDAD (CENEVAL),26/01/2022,189593,27,FALSO
32,MÉXICO,SONORA,HOMBRE,SOLTERO(A),0,CATÓLICA,2023-07-02 00:00:00,FALSO,UVM,INTERNACIONAL EN GASTRONOMIA,89,EXAMEN NACIONAL DE CALIDAD (CENEVAL),15/08/2019,191297,29,FALSO
33,MÉXICO,SONORA,HOMBRE,SOLTERO(A),0,NO DESEO DECLARARLA,2023-01-31 00:00:00,FALSO,UNIVERSIDAD TECNOLÓGICA DE HERMOSILLO ,LICENCIATURA EN MANTENIMIENTO INDUSTRIAL ,95,PRÁCTICAS PROFESIONALES,20/05/2016,189222,29,FALSO
34,CUBA,HABANA,HOMBRE,SOLTERO(A),0,CATÓLICA,2023-04-02 00:00:00,FALSO,,,0,,,191395,32,FALSO
35,CUBA,ALQUIZAR,MUJER,SOLTERO(A),2,NO DESEO DECLARARLA,2023-02-19 00:00:00,FALSO,UNIVERSIDAD DE CIENFUEGOS CARLOS RAFAEL RODRIGUEZ,INGENIERA INFORMATICA,65,NINGUNO,13/07/2011,191547,36,FALSO
36,CUBA,ALQUIZAR,HOMBRE,CASADO(A),1,NINGUNA RELIGIÓN,2023-02-24 00:00:00,VERDADERO,UNIVERSIDAD DE CIENCIAS MÉDICAS DE VILLA CLARA,CARRERA DE MEDICINA,"91,6",EXAMEN GENERAL DE CONOCIMIENTO,02/10/2008,191608,40,VERDADERO
37,MÉXICO,SONORA,MUJER,SOLTERO(A),0,NINGUNA RELIGIÓN,2023-02-25 00:00:00,FALSO,UNIVERSIDAD DE SONORA,INGENIERÍA MECATRÓNICA,"96,46",POR PROMEDIO,25/08/2022,191436,24,FALSO
38,MÉXICO,SONORA,HOMBRE,SOLTERO(A),0,NO DESEO DECLARARLA,2023-02-26 00:00:00,FALSO,INSTITUTO TECNOLOGICO MEXICANO CAMPUS HERMOSILLO,INGENIERIA EN SISTEMAS COMPUTACIONALES,"84,89",PRÁCTICAS PROFESIONALES,14/05/2019,191618,29,FALSO
39,CUBA,SANTIAGO DE CUBA,HOMBRE,SOLTERO(A),0,NINGUNA RELIGIÓN,2023-02-28 00:00:00,FALSO,UNIVERSIDAD DE ORIENTE,FÍSICA,"95,6",TESIS PROFESIONAL,15/07/2019,191619,28,FALSO
40,MÉXICO,SONORA,HOMBRE,SOLTERO(A),0,NO DESEO DECLARARLA,2023-01-03 00:00:00,FALSO,UNIVERSIDAD DE SONORA,FISICA,"85,23",TESIS PROFESIONAL,12/05/2022,191632,26,FALSO
41,MÉXICO,SONORA,HOMBRE,SOLTERO(A),0,NO DESEO DECLARARLA,2023-06-03 00:00:00,VERDADERO,UNIVERSIDAD DE SONORA,INGENIERIA QUIMICA,"96,8",POR PROMEDIO,03/03/2021,191667,27,VERDADERO
42,CUBA,HABANA,HOMBRE,SOLTERO(A),0,NINGUNA RELIGIÓN,2023-06-03 00:00:00,FALSO,UNIVERSIDAD DE LA HABANA ,LICENCIATURA EN MATEMÁTICAS ,"82,6",EXAMEN DE GRADO,03/07/2015,191570,33,FALSO
43,MÉXICO,SONORA,HOMBRE,CASADO(A),0,NO DESEO DECLARARLA,2023-07-03 00:00:00,FALSO,UNIVERSIDAD DE SONORA,FINANZAS,"82,47",EXPERIENCIA PROFESIONAL,24/02/2021,191674,30,FALSO
44,MÉXICO,SINALOA,HOMBRE,CASADO(A),0,PENTECOSTALES/EVANGÉLICAS/CRISTIANAS,2023-03-14 00:00:00,FALSO,UNISON ,LICENCIATURA EN FÍSICA ,83,TESIS PROFESIONAL,01/11/2023,191725,33,FALSO
45,CUBA,SANTIAGO DE CUBA,HOMBRE,SOLTERO(A),0,NINGUNA RELIGIÓN,2023-03-30 00:00:00,FALSO,UNIVERSIDAD DE ORIENTE,LICENCIATURA EN CIENCIAS DE LA COMPUTACIÓN,92,TESIS PROFESIONAL,19/06/2018,188161,29,FALSO
46,CUBA,SANTIAGO DE CUBA,HOMBRE,SOLTERO(A),0,NINGUNA RELIGIÓN,2023-03-30 00:00:00,FALSO,UNIVERSIDAD DE ORIENTE,LICENCIATURA EN CIENCIAS DE LA COMPUTACIÓN,92,TESIS PROFESIONAL,19/06/2018,188161,29,FALSO
47,COLOMBIA,HUILA,HOMBRE,SOLTERO(A),0,NO DESEO DECLARARLA,2023-03-15 00:00:00,FALSO,UNIVERSIDAD AUTÓNOMA DE MANIZALES,INGENIERÍA BIOMÉDICA,"86,4",PRÁCTICAS PROFESIONALES,25/03/2022,191738,23,FALSO
48,MÉXICO,SONORA,HOMBRE,SOLTERO(A),0,NINGUNA RELIGIÓN,2023-03-20 00:00:00,FALSO,UNIVERSIDAD DE SONORA,LICENCIATURA EN FÍSICA,"84,98",NINGUNO,,189797,25,FALSO
49,MÉXICO,SONORA,HOMBRE,SOLTERO(A),0,NINGUNA RELIGIÓN,2023-03-21 00:00:00,VERDADERO,UNIVERSIDAD DE SONORA,FÍSICA,"92,28",POR PROMEDIO,07/04/2023,191785,23,VERDADERO
50,CUBA,HABANA,HOMBRE,SOLTERO(A),0,NINGUNA RELIGIÓN,2023-03-22 00:00:00,VERDADERO,UNIVERSIDAD DE LA HABANA,LICENCIATURA EN METEOROLOGÍA ,94,TESIS PROFESIONAL,07/07/2020,188825,27,VERDADERO
51,MÉXICO,SONORA,HOMBRE,SOLTERO(A),0,NO DESEO DECLARARLA,2023-03-24 00:00:00,FALSO,UNIVERSIDAD DE SONORA,LICENCIATURA EN CIENCIAS DE LA COPUTACIÓN,"95,79",POR PROMEDIO,31/08/2022,191028,24,FALSO
52,MÉXICO,SONORA,HOMBRE,SOLTERO(A),1,NO DESEO DECLARARLA,2023-03-24 00:00:00,FALSO,UNIVERSIDAD DE SONORA,INGENIERIA DE MINAS,84,EXPERIENCIA PROFESIONAL,01/08/2023,191822,45,FALSO
53,MÉXICO,SONORA,HOMBRE,SOLTERO(A),0,NO DESEO DECLARARLA,2023-03-24 00:00:00,FALSO,UNIVERSIDAD DE SONORA ,ECONOMÍA ,"96,4",POR PROMEDIO,03/02/2023,191826,23,FALSO
54,MÉXICO,SONORA,HOMBRE,SOLTERO(A),0,CATÓLICA,2023-03-28 00:00:00,FALSO,UNIVERSIDAD DE SONORA,INGENIERIA INDUSTRIAL Y DE SISTEMAS,"89,18",EXAMEN NACIONAL DE CALIDAD (CENEVAL),24/12/2021,191168,26,FALSO
55,MÉXICO,SONORA,HOMBRE,SOLTERO(A),1,CATÓLICA,2023-03-30 00:00:00,FALSO,INSTITUTO TECNOLOGICO HERMOSILLO,INGENIERIA EN SISTEMAS COMPUTACIONALES,"81,15",POR DIPLOMADO,22/01/2016,185164,32,FALSO
56,MÉXICO,SONORA,HOMBRE,SOLTERO(A),0,NO DESEO DECLARARLA,2023-05-04 00:00:00,FALSO,UNIVERSIDAD DE SONORA,LIC.EN ECONOMÍA,"80,14",PRÁCTICAS PROFESIONALES,22/06/2018,191920,34,FALSO
57,MÉXICO,SONORA,HOMBRE,SOLTERO(A),0,NINGUNA RELIGIÓN,2023-11-04 00:00:00,FALSO,UNIVERSIDA DE SONORA,LICENCIATURA EN FÍSICA,"87,15",TESIS PROFESIONAL,,191933,24,FALSO
58,MÉXICO,SONORA,HOMBRE,SOLTERO(A),0,NO DESEO DECLARARLA,,FALSO,UNIVERSIDAD DE SONORA,LICENCIATURA EN MATEMÁTICAS,90,NINGUNO,22/07/2022,190391,25,FALSO
59,MÉXICO,SONORA,HOMBRE,SOLTERO(A),0,NINGUNA RELIGIÓN,2023-11-04 00:00:00,FALSO,UNIVERSIDAD DE SONORA,LICENCIATURA EN MATEMÁTICAS,"89,5",POR PROMEDIO,20/09/2022,191944,25,FALSO
60,MÉXICO,SONORA,HOMBRE,SOLTERO(A),0,NINGUNA RELIGIÓN,2023-11-04 00:00:00,FALSO,UNIVERSIDAD DE SONORA,LIC. EN CIENCIAS DE LA COMPUTACIÓN,"85,45",EXAMEN NACIONAL DE CALIDAD (CENEVAL),24/02/2021,191723,25,FALSO
61,MÉXICO,BAJA CALIFORNIA SUR,HOMBRE,SOLTERO(A),0,NINGUNA RELIGIÓN,2023-11-04 00:00:00,FALSO,UNISON,LICENCIADO EN ECONOMÍA,"92,57",POR PROMEDIO,23/02/2021,188460,28,FALSO
62,MÉXICO,SONORA,HOMBRE,CASADO(A),2,CATÓLICA,2023-04-17 00:00:00,FALSO,UNIVERISAD DE SONORA,CIENCIAS DE LA COMPUTACIÓN,80,EXAMEN NACIONAL DE CALIDAD (CENEVAL),13/04/2018,192999,32,FALSO
63,MÉXICO,NUEVO LEÓN,HOMBRE,CASADO(A),0,CATÓLICA,2023-04-20 00:00:00,FALSO,UNIVERSIDAD DE SONORA,INGENIERÍA QUÍMICA,"96,46",POR PROMEDIO,07/11/2017,187249,29,FALSO
64,MÉXICO,CIUDAD DE MÉXICO,HOMBRE,SOLTERO(A),0,NINGUNA RELIGIÓN,2023-04-22 00:00:00,FALSO,BENEMÉRITA UNIVERSIDAD AUTÓNOMA DE PUEBLA ,FÍSICA APLICADA ,"90,06",EXAMEN DE GRADO,13/12/2022,191924,27,FALSO
65,MÉXICO,SONORA,HOMBRE,SOLTERO(A),0,NINGUNA RELIGIÓN,2023-04-22 00:00:00,FALSO,UNIVERSIDAD DE SONORA,LICENCIATURA EN MATEMÁTICAS,90,POR PROMEDIO,19/05/2023,191550,24,FALSO
66,MÉXICO,SONORA,HOMBRE,SOLTERO(A),0,CATÓLICA,2023-04-23 00:00:00,FALSO,UNIVERSIDAD DE SONORA,LICENCIATURA EN FÍSICA,91,POR PROMEDIO,16/03/2023,193022,23,FALSO
67,MÉXICO,SONORA,HOMBRE,SOLTERO(A),0,NINGUNA RELIGIÓN,2023-05-25 00:00:00,VERDADERO,UNIVERSIDAD DE SONORA,LICENCIATURA EN FÍSICA ,96,TESIS PROFESIONAL,30/03/2023,193051,26,VERDADERO
68,MÉXICO,SONORA,HOMBRE,SOLTERO(A),0,CATÓLICA,2023-04-28 00:00:00,FALSO,INSTITUTO TECNOLOGICO DE HERMOSILLO,INGENIERIA MECANICA,"80,19",TRABAJO TERMINAL,14/02/2022,193076,27,FALSO
69,MÉXICO,SONORA,HOMBRE,SOLTERO(A),0,NINGUNA RELIGIÓN,2023-04-28 00:00:00,VERDADERO,UNISON,LICENCIATURA EN FINANZAS,89,TESIS PROFESIONAL,01/05/2010,191865,35,VERDADERO
70,MÉXICO,SONORA,HOMBRE,SOLTERO(A),0,CATÓLICA,2023-04-29 00:00:00,FALSO,UNIVERSIDAD DE SONORA,ECONOMÍA ,"90,15",POR PROMEDIO,21/10/2022,193081,25,FALSO
71,MÉXICO,SONORA,MUJER,SOLTERO(A),0,CATÓLICA,2023-03-05 00:00:00,FALSO,UNIVERSIDAD DE SONORA,INGENIERÍA QUÍMICA,"96,1",POR PROMEDIO,,191314,23,FALSO
72,MÉXICO,CIUDAD DE MÉXICO,HOMBRE,SOLTERO(A),0,NO DESEO DECLARARLA,2023-03-05 00:00:00,FALSO,UNIVERSIDAD DE QUINTANA ROO,INGENIERÍA EN SISTEMAS DE ENERGÍA,"94,7",TESIS PROFESIONAL,27/09/2018,193102,32,FALSO
73,MÉXICO,SONORA,HOMBRE,SOLTERO(A),0,NINGUNA RELIGIÓN,2023-03-05 00:00:00,VERDADERO,UNISON,LIC. EN CIENCIAS DE LA COMPUTACIÓN,97,POR PROMEDIO,15/09/2022,193105,24,VERDADERO
74,MÉXICO,SONORA,HOMBRE,SOLTERO(A),0,NO DESEO DECLARARLA,2023-04-05 00:00:00,FALSO,UNISON,INGENIERÍA EN SISTEMAS DE INFORMACIÓN,"89,35",NINGUNO,,193124,26,FALSO
75,MÉXICO,SONORA,HOMBRE,SOLTERO(A),0,CATÓLICA,2023-07-05 00:00:00,FALSO,INSTITUTO TECNOLÓGICO DE HERMOSILLO ,INGENIERA MECATRÓNICA,88,PRÁCTICAS PROFESIONALES,30/06/2022,193069,24,FALSO
76,MÉXICO,SONORA,HOMBRE,SOLTERO(A),0,NO DESEO DECLARARLA,2023-10-05 00:00:00,FALSO,UNIVERSIDAD DE SONORA,CIENCIAS DE LA COMPUTACIÓN ,93,POR PROMEDIO,14/09/2022,193090,23,FALSO
77,MÉXICO,MICHOACÁN,HOMBRE,SOLTERO(A),0,NO DESEO DECLARARLA,2023-05-17 00:00:00,VERDADERO,UNIVERSIDAD DE SONORA,INGENIERÍA EN SISTEMAS DE INFORMACIÓN,"87,98",POR PROMEDIO,06/03/2012,193152,38,VERDADERO
78,MÉXICO,SINALOA,HOMBRE,SOLTERO(A),0,NINGUNA RELIGIÓN,2023-11-05 00:00:00,FALSO,INSTITUTO TECNOLÓGICO DE HERMOSILLO,ING. EN INFORMÁTICA,"87,98",PRÁCTICAS PROFESIONALES,10/12/2018,193156,28,FALSO
79,MÉXICO,SONORA,HOMBRE,SOLTERO(A),0,PROTESTANTE,2023-11-05 00:00:00,VERDADERO,UNIVERSIDAD DE SONORA,LICENCIATURA EN MATEMÁTICAS,"99,88",TESIS PROFESIONAL,23/06/2023,193154,22,VERDADERO
80,MÉXICO,SONORA,MUJER,SOLTERO(A),0,NINGUNA RELIGIÓN,2023-12-05 00:00:00,FALSO,UNIVERSIDAD DE SONORA,INGENIERIA INDUSTRIAL Y DE SISTEMAS,92,POR PROMEDIO,,193159,23,FALSO
81,MÉXICO,SONORA,MUJER,SOLTERO(A),0,CATÓLICA,2023-05-18 00:00:00,FALSO,UNIVERSIDAD DE SONORA,LIC. MERCADOTECNIA,"93,44",POR PROMEDIO,02/09/2021,193190,24,FALSO
82,MÉXICO,SONORA,MUJER,SOLTERO(A),0,CATÓLICA,2023-05-19 00:00:00,FALSO,UNIVERSIDAD DE SONORA,INGENIERIA MECATRONICA,"95,04",POR PROMEDIO,03/03/2021,193201,25,FALSO
83,MÉXICO,SONORA,HOMBRE,SOLTERO(A),0,NO DESEO DECLARARLA,2023-05-19 00:00:00,FALSO,UNIVERSIDAD DE SONORA,INGENIERIA INDUSTRIAL Y DE SISTEMAS,"83,71",EXAMEN NACIONAL DE CALIDAD (CENEVAL),05/03/2011,193203,37,FALSO
84,MÉXICO,SONORA,HOMBRE,SOLTERO(A),0,NINGUNA RELIGIÓN,2023-05-22 00:00:00,FALSO,UNISON,LIC. EN MATEMÁTICAS,"83,91",TESIS PROFESIONAL,22/03/2023,193213,25,FALSO
85,MÉXICO,SONORA,HOMBRE,SOLTERO(A),0,NO DESEO DECLARARLA,2023-05-23 00:00:00,FALSO,INSTITUTO TECNOLOGICO Y DE ESTUDIOS SUPERIORES DE MONTERREY,INGENIERIA EN MECATRONICA,"87,56",EXAMEN NACIONAL DE CALIDAD (CENEVAL),24/04/2015,193219,32,FALSO
86,MÉXICO,SONORA,MUJER,SOLTERO(A),0,CATÓLICA,2023-05-23 00:00:00,VERDADERO,UNIVERSIDAD DE SONORA,LICENCIATURA EN MATEMÁTICAS,"97,21",TESIS PROFESIONAL,09/12/2015,193209,30,VERDADERO
87,MÉXICO,SONORA,HOMBRE,CASADO(A),0,NINGUNA RELIGIÓN,2023-05-23 00:00:00,FALSO,UNIVERSIDAD DE SONORA,INGENIERÍA EN SISTEMAS DE INFORMACIÓN,"84,27",EXAMEN NACIONAL DE CALIDAD (CENEVAL),13/12/2012,193229,37,FALSO
88,MÉXICO,SONORA,HOMBRE,SOLTERO(A),0,CATÓLICA,2023-05-23 00:00:00,FALSO,UNIVERSIDAD DE SONORA,CIENCIAS DE LA COMPUTACIÓN,"93,75",POR PROMEDIO,02/02/2023,191220,25,FALSO
89,MÉXICO,SONORA,MUJER,SOLTERO(A),0,CATÓLICA,2023-05-24 00:00:00,FALSO,UNIVERSIDAD KINO,INGENIERÍA EN SISTEMAS COMPUTACIONALES.,94,POR PROMEDIO,10/11/2023,193236,36,FALSO
90,MÉXICO,SONORA,MUJER,SOLTERO(A),0,NO DESEO DECLARARLA,2023-05-24 00:00:00,VERDADERO,UNIVERSIDAD DE SONORA,LICENCIATURA EN CIENCIAS DE LA COMPUTACIÓN,"86,63",EXAMEN NACIONAL DE CALIDAD (CENEVAL),09/04/2023,193093,24,VERDADERO
91,MÉXICO,SONORA,HOMBRE,SOLTERO(A),0,CATÓLICA,2023-05-25 00:00:00,FALSO,UNIVERSIDAD DE SONORA,INGENIERÍA INDUSTRIAL Y DE SISTEMAS,"85,58",EXAMEN NACIONAL DE CALIDAD (CENEVAL),26/06/2023,193263,22,FALSO
92,MÉXICO,SONORA,HOMBRE,SOLTERO(A),0,NO DESEO DECLARARLA,2023-05-26 00:00:00,FALSO,UNISON,INGENIERÍA EN SISTEMAS DE INFORMACIÓN,"89,35",NINGUNO,,193124,26,FALSO
93,MÉXICO,SONORA,HOMBRE,CASADO(A),3,CATÓLICA,2023-05-25 00:00:00,FALSO,UNIVERSIDAD DE SONORA,INGENIERÍA INDUSTRIAL Y DE SISTEMAS,83,EXAMEN NACIONAL DE CALIDAD (CENEVAL),31/10/2008,188160,39,FALSO
94,MÉXICO,SONORA,HOMBRE,SOLTERO(A),0,NO DESEO DECLARARLA,2023-05-26 00:00:00,FALSO,UNIVERSIDAD DE SONORA,LICENCIATURA EN FÍSICA,91,NINGUNO,18/11/2021,193268,26,FALSO
95,MÉXICO,SONORA,HOMBRE,SOLTERO(A),0,CATÓLICA,2023-05-26 00:00:00,FALSO,UNIVERSIDAD DEL VALLE DE MEXICO,LICENCIATURA EN DERECHO,85,POR PROMEDIO,24/11/2015,193275,30,FALSO
96,MÉXICO,SONORA,HOMBRE,SOLTERO(A),0,CATÓLICA,2023-05-26 00:00:00,FALSO,INSTITUTO TECNOLÓGICO DE HERMOSILLO,INGENIERÍA MECATRÓNICA,"92,16",TRABAJO PROFESIONAL,15/06/2023,191764,23,FALSO
97,MÉXICO,SONORA,HOMBRE,SOLTERO(A),0,NINGUNA RELIGIÓN,2023-05-26 00:00:00,VERDADERO,UNIVERSIDAD DE SONORA,LICENCIATURA EN FÍSICA,90,POR PROMEDIO,,193278,24,VERDADERO
98,MÉXICO,SONORA,HOMBRE,SOLTERO(A),0,NINGUNA RELIGIÓN,2023-05-26 00:00:00,FALSO,UNISON,LICENCIATURA EN MATEMATICAS,"89,7",TESIS PROFESIONAL,05/10/2018,193283,28,FALSO
99,MÉXICO,SONORA,HOMBRE,SOLTERO(A),0,NINGUNA RELIGIÓN,2023-05-26 00:00:00,FALSO,UNISON,LICENCIATURA EN CIENCIAS DE LA COMPUTACIÓN,"87,74",POR PROMEDIO,14/03/2023,193283,28,FALSO
100,MÉXICO,SONORA,HOMBRE,SOLTERO(A),0,NO DESEO DECLARARLA,,FALSO,UNISON,LIC. CIENCIAS DE LA COMPUTACIÓN,"91,71",POR PROMEDIO,20/01/2023,193256,23,FALSO
